{"cameraMode":{"drawMode":0,"name":"Shaded","section":"Shading Mode"},"sceneLighting":false,"audioPlay":false,"sceneViewState":{"m_AlwaysRefresh":false,"showFog":true,"showSkybox":false,"showFlares":true,"showImageEffects":true,"showParticleSystems":true,"showVisualEffectGraphs":true,"m_FxEnabled":true},"in2DMode":false,"pivot":{"x":26.905933380126954,"y":-5.655857086181641,"z":12.081947326660157},"rotation":{"x":0.0642816424369812,"y":0.4552519619464874,"z":-0.032976679503917697,"w":0.8874274492263794},"size":18.975360870361329,"orthographic":false}