{"cameraMode":{"drawMode":0,"name":"Shaded","section":"Shading Mode"},"sceneLighting":true,"audioPlay":false,"sceneViewState":{"m_AlwaysRefresh":false,"showFog":true,"showSkybox":true,"showFlares":true,"showImageEffects":true,"showParticleSystems":true,"showVisualEffectGraphs":true,"m_FxEnabled":true},"in2DMode":false,"pivot":{"x":-13.580184936523438,"y":0.5693254470825195,"z":0.6120719909667969},"rotation":{"x":0.13872529566287995,"y":-0.017236247658729554,"z":-0.002415409544482827,"w":-0.9902107119560242},"size":9.550000190734864,"orthographic":false}