{"cameraMode":{"drawMode":0,"name":"Shaded","section":"Shading Mode"},"sceneLighting":true,"audioPlay":false,"sceneViewState":{"m_AlwaysRefresh":false,"showFog":true,"showSkybox":true,"showFlares":true,"showImageEffects":true,"showParticleSystems":true,"showVisualEffectGraphs":true,"m_FxEnabled":true},"in2DMode":false,"pivot":{"x":-4.260540008544922,"y":0.08645248413085938,"z":-0.8959207534790039},"rotation":{"x":-0.29027116298675539,"y":-0.08826378732919693,"z":0.02689853124320507,"w":-0.9524865746498108},"size":5.966026306152344,"orthographic":false}