{"cameraMode":{"drawMode":0,"name":"Shaded","section":"Shading Mode"},"sceneLighting":true,"audioPlay":false,"sceneViewState":{"m_AlwaysRefresh":false,"showFog":true,"showSkybox":true,"showFlares":true,"showImageEffects":true,"showParticleSystems":true,"showVisualEffectGraphs":true,"m_FxEnabled":true},"in2DMode":false,"pivot":{"x":-4.443569183349609,"y":-1.4359111785888672,"z":102.97162628173828},"rotation":{"x":-0.0010890887351706625,"y":-0.9988320469856262,"z":0.027284501120448114,"w":-0.03986841067671776},"size":3.9883267879486086,"orthographic":false}